{"accuracy/top1": 93.70629119873047, "accuracy/top5": 99.30069732666016, "data_time": 0.40545837084452313, "time": 0.5780137998086435}