{"aAcc": 88.05, "mIoU": 52.49, "mAcc": 57.74, "data_time": 0.2164419781077992, "time": 1.584038257598877}